{"stats":{"minecraft:killed_by":{"kimetsunoyaiba:demon_slayer":1,"kimetsunoyaiba:demon":4,"kimetsunoyaiba:demon_9":1,"kimetsunoyaiba:daki":1,"kimetsunoyaiba:demon_2":1},"minecraft:used":{"kimetsunoyaiba:nichirinsword_shinazugawa":16,"minecraft:bread":5,"minecraft:wooden_pickaxe":6,"kimetsunoyaiba:boar_flesh":1,"kimetsunoyaiba:muzanblood":1,"minecraft:stone_axe":2,"minecraft:dirt":3,"minecraft:crafting_table":1,"minecraft:cooked_porkchop":2,"minecraft:birch_sign":1},"minecraft:crafted":{"minecraft:crafting_table":1,"minecraft:spruce_planks":16,"minecraft:stick":8,"minecraft:wooden_pickaxe":1,"minecraft:stone_pickaxe":1,"minecraft:wooden_axe":1,"minecraft:stone_axe":1},"minecraft:custom":{"minecraft:time_since_rest":1638,"minecraft:interact_with_furnace":1,"minecraft:sprint_one_cm":216627,"minecraft:damage_taken":1747,"minecraft:walk_one_cm":158827,"minecraft:mob_kills":9,"minecraft:drop":4,"minecraft:damage_dealt":2833,"minecraft:interact_with_crafting_table":2,"minecraft:fly_one_cm":228602,"minecraft:open_chest":2,"minecraft:play_one_minute":55243,"minecraft:crouch_one_cm":3260,"minecraft:deaths":11,"minecraft:sneak_time":939,"minecraft:walk_under_water_one_cm":816,"minecraft:jump":1002,"minecraft:leave_game":1,"minecraft:time_since_death":0,"minecraft:walk_on_water_one_cm":2209,"minecraft:damage_resisted":220,"minecraft:fall_one_cm":47350},"minecraft:killed":{"kimetsunoyaiba:demon":3,"kimetsunoyaiba:demon_2":2},"minecraft:dropped":{"kimetsunoyaiba:nichirinsword_water":1,"minecraft:bone":1,"minecraft:stick":2},"minecraft:mined":{"minecraft:spruce_sapling":1,"minecraft:glass_pane":1,"minecraft:spruce_log":4,"minecraft:birch_leaves":2,"minecraft:crafting_table":1,"minecraft:grass":2,"minecraft:grass_block":3,"minecraft:dirt":1,"minecraft:birch_wall_sign":1,"minecraft:spruce_leaves":28,"minecraft:stone":6},"minecraft:picked_up":{"minecraft:stick":2,"minecraft:crafting_table":1,"kimetsunoyaiba:muzanblood":1,"minecraft:cooked_beef":4,"minecraft:cooked_porkchop":3,"kimetsunoyaiba:nichirinsword_water":1,"kimetsunoyaiba:uniform_leggings":3,"minecraft:spruce_log":4,"kimetsunoyaiba:uniform_chestplate":5,"minecraft:dirt":6,"kimetsunoyaiba:uniform_boots":3,"kimetsunoyaiba:boar_flesh":1,"minecraft:birch_sign":3,"kimetsunoyaiba:nichirinsword_shinazugawa":3,"minecraft:bread":5,"minecraft:cobblestone":6}},"DataVersion":2586}