{"stats":{"minecraft:killed_by":{"kimetsunoyaiba:himejima":1,"kimetsunoyaiba:akaza":3,"kimetsunoyaiba:kaigaku":1,"kimetsunoyaiba:tanjiro":2,"kimetsunoyaiba:gyokko":1,"kimetsunoyaiba:daki":1,"kimetsunoyaiba:hairo":1,"kimetsunoyaiba:gyokko_goldfish":1,"kimetsunoyaiba:hantengu_sekido":1,"kimetsunoyaiba:kokushibo":1,"minecraft:player":5,"kimetsunoyaiba:urokodaki":1,"kimetsunoyaiba:kanroji":1,"kimetsunoyaiba:tomioka":1,"kimetsunoyaiba:sabito":1,"kimetsunoyaiba:demon_9":1},"minecraft:custom":{"minecraft:interact_with_crafting_table":13,"minecraft:open_barrel":15,"minecraft:leave_game":8,"minecraft:time_since_death":8195,"minecraft:damage_resisted":92672,"minecraft:sprint_one_cm":4553259,"minecraft:drop":184,"minecraft:deaths":53,"minecraft:jump":6819,"minecraft:interact_with_brewingstand":1,"minecraft:walk_on_water_one_cm":76042,"minecraft:interact_with_furnace":8,"minecraft:play_one_minute":773510,"minecraft:open_enderchest":1,"minecraft:damage_dealt":56744,"minecraft:player_kills":5,"minecraft:crouch_one_cm":24360,"minecraft:inspect_dispenser":1,"minecraft:mob_kills":195,"minecraft:damage_dealt_resisted":13358,"minecraft:climb_one_cm":2855,"minecraft:walk_one_cm":2292629,"minecraft:sneak_time":13323,"minecraft:walk_under_water_one_cm":34766,"minecraft:interact_with_blast_furnace":1,"minecraft:time_since_rest":8228,"minecraft:damage_taken":27278,"minecraft:swim_one_cm":25062,"minecraft:fly_one_cm":4131915,"minecraft:open_chest":59,"minecraft:fall_one_cm":952321},"minecraft:killed":{"kimetsunoyaiba:enmu_tentacle":1,"kimetsunoyaiba:yahaba":2,"kimetsunoyaiba:grandmother":1,"kimetsunoyaiba:hantengu_aizetsu":1,"minecraft:chicken":3,"kimetsunoyaiba:doma_mini":1,"kimetsunoyaiba:chair_red":1,"kimetsunoyaiba:yachan_brother":5,"kimetsunoyaiba:inosuke":1,"minecraft:pig":6,"kimetsunoyaiba:demon_2":12,"kimetsunoyaiba:demon_4":2,"kimetsunoyaiba:boar":4,"kimetsunoyaiba:haganeduka":3,"minecraft:sheep":5,"kimetsunoyaiba:demon_3":3,"minecraft:cow":9,"kimetsunoyaiba:vase":1,"kimetsunoyaiba:hairo":1,"kimetsunoyaiba:sabito":1,"kimetsunoyaiba:demon_slayer":4,"minecraft:slime":3,"kimetsunoyaiba:kanroji":1,"kimetsunoyaiba:yachan":1,"kimetsunoyaiba:rengoku":1,"kimetsunoyaiba:demon_9":3,"kimetsunoyaiba:temple_demon":2,"kimetsunoyaiba:muscular_mouse":6,"kimetsunoyaiba:goldfishbig":3,"kimetsunoyaiba:demon_5":3,"kimetsunoyaiba:demon":29,"kimetsunoyaiba:demon_10":1,"kimetsunoyaiba:susamaru":2},"minecraft:broken":{"minecraft:wooden_axe":1},"minecraft:used":{"minecraft:smooth_quartz_slab":4,"minecraft:chest":13,"minecraft:stone":2,"minecraft:iron_sword":3,"minecraft:spruce_leaves":5,"minecraft:mutton":9,"kimetsunoyaiba:kocho_spawn_egg":1,"kimetsunoyaiba:nichirinsword_tomioka":8,"kimetsunoyaiba:nichirinswordmoon":1,"minecraft:grass_block":235,"kimetsunoyaiba:inosuke_spawn_egg":1,"minecraft:item_frame":1,"kimetsunoyaiba:nezuko_spawn_egg":1,"minecraft:sweet_berries":8,"minecraft:oak_sapling":1,"minecraft:furnace":1,"minecraft:skeleton_skull":19,"minecraft:egg":2,"kimetsunoyaiba:handfan":5,"kimetsunoyaiba:nichirinsword_flame":2,"kimetsunoyaiba:ohagi":1,"quark:foxhound_spawn_egg":1,"minecraft:end_rod":2,"minecraft:stripped_birch_log":2,"minecraft:dark_oak_sign":1,"minecraft:stone_pickaxe":30,"minecraft:wooden_pickaxe":16,"kimetsunoyaiba:human_flesh_2":53,"kimetsunoyaiba:sword_kokushibo_2":20,"minecraft:diamond_axe":3,"kimetsunoyaiba:gyokko_spawn_egg":1,"minecraft:white_wool":5,"kimetsunoyaiba:chair_red_spawn_egg":1,"minecraft:sand":2,"minecraft:light_blue_wool":14,"kimetsunoyaiba:haganeduka_spawn_egg":1,"minecraft:redstone_torch":12,"kimetsunoyaiba:hantengu_aizetsu_spawn_egg":1,"minecraft:birch_slab":3,"minecraft:bread":34,"minecraft:barrier":3,"minecraft:stone_button":1,"minecraft:coal_block":278,"minecraft:fire_charge":194,"kimetsunoyaiba:tanjiro_spawn_egg":2,"kimetsunoyaiba:fusuma_mesh":12,"minecraft:smooth_stone_slab":87,"minecraft:warped_button":1,"kimetsunoyaiba:nichirinsword_iguro":135,"minecraft:bone_meal":198,"kimetsunoyaiba:nichirinsword_uzui":19,"minecraft:cobweb":46,"kimetsunoyaiba:yoriichi_spawn_egg":1,"minecraft:tropical_fish":5,"minecraft:redstone":37,"minecraft:spruce_planks":581,"minecraft:netherrack":224,"kimetsunoyaiba:nichirinsword_rengoku":723,"minecraft:end_stone_brick_wall":2,"minecraft:dirt":55,"minecraft:spruce_stairs":58,"minecraft:oak_wood":3,"minecraft:granite":1,"kimetsunoyaiba:hakuji_spawn_egg":1,"kimetsunoyaiba:fusuma_window":5,"kimetsunoyaiba:lantern":2,"minecraft:wooden_axe":60,"kimetsunoyaiba:hantengu_spawn_egg":3,"minecraft:iron_axe":110,"kimetsunoyaiba:tanjiro_demon_spawn_egg":1,"kimetsunoyaiba:boar_flesh":9,"kimetsunoyaiba:muzanblood":185,"minecraft:beef":26,"kimetsunoyaiba:minigun":2,"minecraft:birch_planks":11,"minecraft:polished_andesite":3,"quark:abacus":3,"minecraft:spruce_sign":1,"kimetsunoyaiba:sword_kokushibo_1":59,"kimetsunoyaiba:blooddemonart_kamanue":15,"minecraft:polished_blackstone_pressure_plate":1,"kimetsunoyaiba:fusuma":5,"minecraft:tnt":7,"minecraft:crafting_table":4,"minecraft:birch_sign":6,"minecraft:campfire":8,"minecraft:spruce_log":137,"kimetsunoyaiba:nichirinsword_kaigaku":21,"kimetsunoyaiba:kokushibo_spawn_egg":9,"kimetsunoyaiba:fusuma_flower":5,"minecraft:piston":7,"minecraft:chicken":6,"kimetsunoyaiba:nichirinsword_black":116,"kimetsunoyaiba:demon_9_spawn_egg":1,"minecraft:spruce_sapling":10,"kimetsunoyaiba:tomioka_spawn_egg":2,"minecraft:cobblestone":1,"quark:slime_in_a_bucket":3,"minecraft:cooked_porkchop":7,"minecraft:porkchop":21,"kimetsunoyaiba:demon_4_spawn_egg":1,"minecraft:dandelion":1},"minecraft:dropped":{"kimetsunoyaiba:clothes_rengoku_chestplate":1,"minecraft:porkchop":2,"kimetsunoyaiba:blooddemonart_yahaba":1,"kimetsunoyaiba:nichirinsword_rengoku":3,"kimetsunoyaiba:blooddemonart_enmu":1,"minecraft:lantern":1,"minecraft:leather":15,"kimetsunoyaiba:blooddemonart_akaza":2,"minecraft:item_frame":1,"minecraft:spruce_leaves":1,"minecraft:dirt":151,"kimetsunoyaiba:boar_flesh":3,"minecraft:cornflower":1,"minecraft:mutton":6,"kimetsunoyaiba:mask_hyottoko_helmet":1,"minecraft:sunflower":1,"kimetsunoyaiba:blooddemonart_gyokko":1,"kimetsunoyaiba:drum":1,"minecraft:white_wool":7,"minecraft:bone":10,"quark:tallow":33,"minecraft:compass":1,"minecraft:wheat":1,"minecraft:birch_sapling":1,"kimetsunoyaiba:uniform_boots":3,"kimetsunoyaiba:nichirinsword_yoriichi":1,"minecraft:poppy":1,"kimetsunoyaiba:spear":2,"kimetsunoyaiba:rengoku_head_2":1,"kimetsunoyaiba:rengoku_head_1":2,"kimetsunoyaiba:nichirinswordmoon":3,"minecraft:netherrack":6,"kimetsunoyaiba:nezuko_spawn_egg":1,"minecraft:bread":2,"minecraft:wheat_seeds":99,"kimetsunoyaiba:dice_steak_head_1":2,"minecraft:feather":5,"kimetsunoyaiba:dice_steak_head_2":4,"minecraft:tropical_fish":3,"kimetsunoyaiba:dice_steak_leg":4,"minecraft:coal_block":2,"minecraft:stick":2,"minecraft:oxeye_daisy":1,"minecraft:cobweb":1,"minecraft:gray_wool":1,"kimetsunoyaiba:human_flesh_2":14,"kimetsunoyaiba:dice_steak_head_4":3,"minecraft:rose_bush":2,"kimetsunoyaiba:dice_steak_body":3,"kimetsunoyaiba:blooddemonart_kamanue":2,"kimetsunoyaiba:nichirinsword":1,"minecraft:red_dye":1,"kimetsunoyaiba:nichirinsword_mist":1,"minecraft:string":7,"kimetsunoyaiba:dice_steak_arm":4,"minecraft:spruce_sapling":1,"minecraft:redstone":2,"kimetsunoyaiba:d_ice_steak_head_3":2,"kimetsunoyaiba:nichirinsword_black":4,"kimetsunoyaiba:uniform_chestplate":1,"kimetsunoyaiba:gimlet":1,"kimetsunoyaiba:muzanblood":11,"kimetsunoyaiba:tanjiro_head_5":1,"minecraft:oak_sign":1,"kimetsunoyaiba:blooddemonart_rui":2,"minecraft:diamond_sword":1,"kimetsunoyaiba:chigama":1,"kimetsunoyaiba:handfan":2},"minecraft:mined":{"minecraft:spruce_planks":17,"minecraft:oak_sapling":1,"minecraft:granite":3,"minecraft:grass_block":18,"minecraft:oxeye_daisy":2,"minecraft:iron_ore":8,"minecraft:fire":1,"minecraft:oak_sign":1,"minecraft:poppy":2,"minecraft:cobblestone":1,"minecraft:seagrass":4,"minecraft:birch_log":10,"minecraft:wheat":24,"minecraft:grass":94,"minecraft:sand":2,"minecraft:dirt":68,"minecraft:oak_leaves":7,"minecraft:stripped_birch_log":2,"minecraft:spruce_leaves":188,"minecraft:large_fern":75,"minecraft:spruce_sapling":2,"minecraft:stone":12,"minecraft:white_wool":3,"minecraft:dandelion":1,"minecraft:crafting_table":1,"minecraft:cornflower":3,"minecraft:rose_bush":3,"minecraft:tall_grass":31,"minecraft:spruce_stairs":2,"minecraft:birch_planks":1,"minecraft:sweet_berry_bush":1,"minecraft:ice":4,"minecraft:spruce_log":165,"minecraft:birch_leaves":11,"minecraft:bee_nest":1,"minecraft:sunflower":1,"minecraft:flower_pot":1,"minecraft:cobweb":6,"minecraft:fern":14},"minecraft:picked_up":{"minecraft:wheat":25,"minecraft:string":7,"kimetsunoyaiba:dice_steak_head_2":5,"minecraft:oak_sign":1,"minecraft:spruce_planks":60,"minecraft:rose_bush":2,"minecraft:redstone_torch":5,"kimetsunoyaiba:blooddemonart_gyokko":1,"kimetsunoyaiba:uniform_rengoku_boots":1,"minecraft:smooth_quartz":14,"minecraft:coal_block":3,"kimetsunoyaiba:dice_steak_head_4":4,"kimetsunoyaiba:clothes_rengoku_chestplate":2,"minecraft:stick":10,"minecraft:brown_terracotta":27,"kimetsunoyaiba:kaburamaru_helmet":1,"minecraft:spruce_stairs":2,"minecraft:porkchop":36,"kimetsunoyaiba:handfan":3,"minecraft:tropical_fish":8,"kimetsunoyaiba:dice_steak_head_1":2,"kimetsunoyaiba:rifle":1,"minecraft:cobblestone":12,"kimetsunoyaiba:human_flesh_2":75,"minecraft:birch_log":10,"minecraft:feather":5,"minecraft:birch_slab":1,"kimetsunoyaiba:nichirinsword_kaigaku":1,"kimetsunoyaiba:blooddemonart_kamanue":4,"kimetsunoyaiba:dice_steak_arm":6,"kimetsunoyaiba:mask_hyottoko_helmet":1,"minecraft:dirt":506,"minecraft:stripped_birch_log":2,"minecraft:lantern":2,"minecraft:bone":1,"minecraft:wheat_seeds":149,"kimetsunoyaiba:spear":3,"kimetsunoyaiba:muzanblood":59,"minecraft:cooked_porkchop":9,"minecraft:sand":2,"kimetsunoyaiba:uniform_leggings":3,"kimetsunoyaiba:uniform_rengoku_chestplate":1,"kimetsunoyaiba:drum":1,"minecraft:granite":1,"minecraft:bone_meal":64,"minecraft:bread":28,"kimetsunoyaiba:nichirinsword_mist":1,"kimetsunoyaiba:nichirinsword":1,"minecraft:oak_sapling":1,"minecraft:netherrack":6,"kimetsunoyaiba:gimlet":1,"kimetsunoyaiba:blooddemonart_rui":3,"minecraft:crafting_table":1,"minecraft:chicken":6,"kimetsunoyaiba:nichirinsword_yoriichi":1,"minecraft:cornflower":1,"kimetsunoyaiba:nichirinswordmoon":3,"minecraft:item_frame":1,"minecraft:compass":1,"kimetsunoyaiba:tanjiro_head_5":2,"kimetsunoyaiba:armor_ravaged_war_formation_wolf_chestplate":1,"minecraft:dark_prismarine_stairs":11,"kimetsunoyaiba:nichirinsword_rengoku":6,"minecraft:beef":27,"kimetsunoyaiba:chigama":1,"minecraft:poppy":2,"minecraft:birch_sapling":1,"minecraft:egg":2,"kimetsunoyaiba:blooddemonart_enmu":2,"kimetsunoyaiba:clothes_kokushibo_chestplate":1,"kimetsunoyaiba:nichirinsword_black":3,"minecraft:stone_button":2,"minecraft:redstone":3,"kimetsunoyaiba:d_ice_steak_head_3":3,"kimetsunoyaiba:boar_flesh":13,"minecraft:mutton":15,"minecraft:white_wool":12,"minecraft:oxeye_daisy":1,"kimetsunoyaiba:rengoku_head_2":3,"minecraft:leather":15,"minecraft:birch_planks":1,"kimetsunoyaiba:dice_steak_leg":6,"kimetsunoyaiba:uniform_chestplate":1,"kimetsunoyaiba:blooddemonart_akaza":4,"kimetsunoyaiba:sword_kokushibo_1":1,"kimetsunoyaiba:kemari":4,"kimetsunoyaiba:whistle":1,"kimetsunoyaiba:blooddemonart_yahaba":1,"minecraft:iron_ingot":3,"quark:tallow":42,"minecraft:iron_ore":8,"kimetsunoyaiba:rengoku_head_1":3,"minecraft:sweet_berries":6,"kimetsunoyaiba:uniform_iguro_chestplate":2,"minecraft:dandelion":1,"minecraft:spruce_sapling":11,"minecraft:spruce_log":162,"kimetsunoyaiba:uniform_boots":5,"minecraft:gray_wool":1,"kimetsunoyaiba:dice_steak_body":4,"minecraft:coal":5,"minecraft:smooth_quartz_slab":12,"minecraft:sunflower":1},"minecraft:crafted":{"minecraft:crafting_table":3,"minecraft:spruce_planks":648,"minecraft:wooden_pickaxe":1,"minecraft:birch_planks":16,"minecraft:charcoal":3,"minecraft:stick":8,"minecraft:iron_ingot":6,"minecraft:furnace":1,"minecraft:spruce_stairs":56,"minecraft:iron_axe":1,"minecraft:stone_pickaxe":1,"minecraft:red_dye":1,"minecraft:bread":8,"minecraft:air":0,"minecraft:wooden_axe":1}},"DataVersion":2586}