{"stats":{"minecraft:used":{"kimetsunoyaiba:nichirinsword_mist":26,"kimetsunoyaiba:nichirinsword_black":2,"minecraft:egg":1},"minecraft:mined":{"minecraft:grass":4,"minecraft:tall_grass":6,"minecraft:large_fern":2},"minecraft:killed":{"kimetsunoyaiba:kasugai_crow":1},"minecraft:dropped":{"kimetsunoyaiba:nichirinswordmoon":2,"kimetsunoyaiba:nichirinsword":1,"minecraft:wheat_seeds":1,"kimetsunoyaiba:nichirinsword_mist":2,"kimetsunoyaiba:nichirinsword_black":1},"minecraft:killed_by":{"kimetsunoyaiba:urokodaki":1},"minecraft:custom":{"minecraft:time_since_rest":865,"minecraft:open_chest":4,"minecraft:crouch_one_cm":24,"minecraft:play_one_minute":18628,"minecraft:sprint_one_cm":110423,"minecraft:walk_one_cm":83657,"minecraft:damage_taken":154,"minecraft:deaths":2,"minecraft:sneak_time":14,"minecraft:mob_kills":5,"minecraft:drop":7,"minecraft:damage_dealt_resisted":55,"minecraft:jump":417,"minecraft:damage_dealt":677,"minecraft:leave_game":1,"minecraft:time_since_death":6999,"minecraft:sleep_in_bed":1,"minecraft:climb_one_cm":224,"minecraft:damage_resisted":33,"minecraft:fall_one_cm":15135,"minecraft:fly_one_cm":128232},"minecraft:picked_up":{"kimetsunoyaiba:nichirinswordmoon":1,"kimetsunoyaiba:nichirinsword_black":1,"minecraft:wheat_seeds":1,"kimetsunoyaiba:nichirinsword":1,"kimetsunoyaiba:nichirinsword_mist":2,"minecraft:egg":1}},"DataVersion":2586}