{"stats":{"minecraft:custom":{"minecraft:mob_kills":22,"minecraft:play_one_minute":445653,"minecraft:damage_dealt_resisted":6127,"minecraft:leave_game":19,"minecraft:time_since_death":788,"minecraft:climb_one_cm":13924,"minecraft:damage_resisted":11923,"minecraft:time_since_rest":789,"minecraft:sprint_one_cm":1209017,"minecraft:damage_taken":7450,"minecraft:walk_one_cm":1112126,"minecraft:drop":29,"minecraft:damage_dealt":25660,"minecraft:swim_one_cm":1219,"minecraft:fly_one_cm":4784698,"minecraft:open_chest":37,"minecraft:crouch_one_cm":12019,"minecraft:deaths":5,"minecraft:sneak_time":8045,"minecraft:walk_under_water_one_cm":522,"minecraft:jump":1526,"minecraft:walk_on_water_one_cm":4522,"minecraft:fall_one_cm":54265},"minecraft:killed":{"kimetsunoyaiba:kanawo":1,"kimetsunoyaiba:school_tanjiro":1,"minecraft:phantom":1,"kimetsunoyaiba:yoriichi":13,"minecraft:cow":1},"minecraft:used":{"kimetsunoyaiba:yoriichi_spawn_egg":13,"kimetsunoyaiba:urokodaki_spawn_egg":1,"minecraft:oak_fence":5,"minecraft:oak_trapdoor":5,"minecraft:water_bucket":3,"minecraft:snow_block":9,"minecraft:flint_and_steel":33,"minecraft:spruce_door":8,"kimetsunoyaiba:uzui_spawn_egg":1,"kimetsunoyaiba:kanawo_spawn_egg":2,"quark:light_gray_candle":2,"minecraft:birch_planks":2,"minecraft:smooth_quartz_slab":1,"kimetsunoyaiba:fusuma_7":5,"minecraft:dark_oak_sign":4,"minecraft:polished_andesite":14,"minecraft:redstone":69,"minecraft:oak_planks":149,"minecraft:oak_sign":4,"minecraft:black_carpet":12,"minecraft:spruce_planks":81,"minecraft:stone":314,"minecraft:redstone_block":21,"minecraft:cauldron":1,"minecraft:spruce_sign":1,"minecraft:beacon":1,"minecraft:red_glazed_terracotta":111,"kimetsunoyaiba:lantern_2":2,"minecraft:netherrack":200,"minecraft:white_wool":20,"minecraft:torch":16,"kimetsunoyaiba:fusuma":1,"minecraft:dirt":62,"minecraft:stripped_dark_oak_log":11,"minecraft:oak_slab":16,"minecraft:white_carpet":6,"minecraft:tnt":4,"minecraft:birch_sign":1,"minecraft:cobblestone_wall":30,"minecraft:crimson_hyphae":120,"minecraft:stone_stairs":25,"minecraft:pink_terracotta":4,"kimetsunoyaiba:kocho_spawn_egg":1,"minecraft:painting":21,"kimetsunoyaiba:onigiri":53,"minecraft:spruce_fence":13,"minecraft:spruce_log":1,"minecraft:milk_bucket":1,"minecraft:redstone_torch":52,"kimetsunoyaiba:yahaba_spawn_egg":1,"minecraft:stone_brick_slab":17,"minecraft:lever":10,"minecraft:black_wool":14,"kimetsunoyaiba:demon_spawn_egg":1,"minecraft:command_block":47,"minecraft:birch_slab":34,"minecraft:lantern":56,"minecraft:grass_block":311,"minecraft:oak_stairs":2,"minecraft:barrier":88,"minecraft:stone_button":5,"minecraft:spruce_pressure_plate":1,"minecraft:dark_oak_wood":2,"minecraft:stone_slab":16,"minecraft:spruce_trapdoor":27,"minecraft:dark_oak_slab":24,"minecraft:oak_pressure_plate":10,"minecraft:smooth_quartz":21,"minecraft:stone_bricks":12,"minecraft:item_frame":1,"minecraft:nether_wart_block":236,"kimetsunoyaiba:nichirinsword_yoriichi":11,"minecraft:glowstone":25,"minecraft:fire_coral_block":6,"minecraft:red_carpet":2,"minecraft:redstone_lamp":2,"minecraft:cobblestone":4,"minecraft:snow":2,"kimetsunoyaiba:hantengu_sekido_spawn_egg":1,"quark:spruce_ladder":16,"minecraft:grass_path":10,"kimetsunoyaiba:tanjiro_spawn_egg":2,"kimetsunoyaiba:school_tanjiro_spawn_egg":1,"kimetsunoyaiba:fusuma_mesh":9,"minecraft:glass_pane":2,"minecraft:smooth_stone_slab":1,"minecraft:polished_blackstone_button":3,"minecraft:white_concrete":1,"minecraft:dark_prismarine_stairs":7,"minecraft:cobweb":168,"minecraft:purple_wool":16,"kimetsunoyaiba:nichirinsword_water":1,"minecraft:soul_torch":2,"kimetsunoyaiba:ubuyashiki_spawn_egg":1},"minecraft:picked_up":{"kimetsunoyaiba:blooddemonart_rui":1,"kimetsunoyaiba:clothes_yorichi_chestplate":2,"minecraft:leather":1,"minecraft:stone_slab":4,"minecraft:diamond_sword":1,"kimetsunoyaiba:nichirinsword_yoriichi":6,"kimetsunoyaiba:hair_tsugikuni":2,"minecraft:stone_brick_stairs":1,"minecraft:cobblestone_wall":3,"minecraft:dirt":121,"minecraft:oak_trapdoor":2,"minecraft:string":1,"kimetsunoyaiba:sword_kokushibo_1":1,"minecraft:lantern":5,"minecraft:smooth_stone_slab":5,"minecraft:item_frame":8,"kimetsunoyaiba:whistle":13,"minecraft:stone_bricks":23,"minecraft:sea_pickle":4,"minecraft:wheat_seeds":63,"minecraft:spruce_planks":1,"minecraft:beef":1,"kimetsunoyaiba:blooddemonart_gyokko":1,"minecraft:spruce_slab":2,"minecraft:chest":1,"minecraft:oak_planks":4,"minecraft:dark_oak_stairs":5,"minecraft:egg":1,"kimetsunoyaiba:blooddemonart_enmu":2,"kimetsunoyaiba:clothes_kokushibo_chestplate":1,"kimetsunoyaiba:muzanblood":16,"minecraft:oak_door":6,"minecraft:stone_brick_slab":9,"minecraft:spruce_stairs":8,"kimetsunoyaiba:handfan":1,"minecraft:stone_button":1,"minecraft:white_bed":2,"minecraft:spruce_log":20,"minecraft:redstone":1,"minecraft:spruce_door":1,"minecraft:tropical_fish":8,"kimetsunoyaiba:drum":2,"kimetsunoyaiba:boar_flesh":1,"minecraft:red_tulip":4,"kimetsunoyaiba:nichirinsword":54,"minecraft:dark_oak_fence":8,"minecraft:cobblestone":4,"minecraft:snowball":60,"kimetsunoyaiba:clothes_yorichi_leggings":2},"minecraft:dropped":{"kimetsunoyaiba:blooddemonart_enmu":2,"minecraft:lantern":2,"kimetsunoyaiba:muzanblood":8,"minecraft:tropical_fish":8,"kimetsunoyaiba:nichirinsword_yoriichi":3,"kimetsunoyaiba:blooddemonart_rui":1,"minecraft:diamond_sword":1,"kimetsunoyaiba:hair_tsugikuni":1,"kimetsunoyaiba:blooddemonart_gyokko":1,"kimetsunoyaiba:drum":2}},"DataVersion":2586}