{"stats":{"minecraft:used":{"minecraft:beetroot":3,"kimetsunoyaiba:nichirinsword_shinazugawa":1,"minecraft:poppy":1,"minecraft:spruce_planks":2,"minecraft:cooked_chicken":9,"minecraft:torch":9,"minecraft:dirt":19,"minecraft:mutton":9,"kimetsunoyaiba:blooddemonart_nezuko":1,"minecraft:azure_bluet":1,"kimetsunoyaiba:blooddemonart_enmu":1,"quark:cyan_candle":1,"kimetsunoyaiba:nichirinsword_tomioka":59,"kimetsunoyaiba:rifle":1,"minecraft:pink_wool":1,"kimetsunoyaiba:boar_flesh":16,"kimetsunoyaiba:muzanblood":12,"minecraft:light_gray_wool":1,"minecraft:beef":1,"minecraft:sweet_berries":48,"minecraft:furnace":3,"minecraft:egg":2,"minecraft:cooked_beef":26,"minecraft:cooked_mutton":14,"minecraft:wheat_seeds":27,"minecraft:oak_planks":7,"minecraft:wooden_pickaxe":26,"kimetsunoyaiba:human_flesh_2":17,"kimetsunoyaiba:blooddemonart_kamanue":2,"minecraft:white_wool":10,"minecraft:sand":1,"minecraft:crafting_table":8,"minecraft:birch_sign":3,"kimetsunoyaiba:nichirinsword_kaigaku":222,"minecraft:chicken":3,"minecraft:bread":57,"minecraft:stone_button":1,"kimetsunoyaiba:nichirinsword_black":5,"minecraft:spruce_sapling":2,"minecraft:gravel":2,"minecraft:stone_axe":3,"minecraft:diamond_sword":1,"minecraft:porkchop":12,"minecraft:cooked_porkchop":22},"minecraft:mined":{"minecraft:grass_block":12,"minecraft:spruce_leaves":52,"minecraft:large_fern":27,"minecraft:hay_block":22,"minecraft:tall_seagrass":1,"minecraft:spruce_sapling":2,"minecraft:furnace":2,"minecraft:azure_bluet":1,"minecraft:vine":4,"minecraft:birch_wall_sign":2,"minecraft:stone":8,"minecraft:brown_mushroom":2,"minecraft:glass_pane":1,"minecraft:dandelion":2,"minecraft:crafting_table":5,"minecraft:poppy":2,"minecraft:rose_bush":1,"minecraft:campfire":1,"minecraft:tall_grass":46,"quark:cyan_candle":1,"minecraft:wall_torch":2,"minecraft:seagrass":1,"minecraft:wheat":67,"minecraft:sweet_berry_bush":40,"minecraft:ice":5,"minecraft:spruce_log":2,"minecraft:grass":96,"minecraft:oak_log":4,"minecraft:coal_ore":16,"minecraft:beetroots":54,"minecraft:gravel":2,"minecraft:sand":1,"minecraft:dirt":10,"minecraft:birch_sign":1,"minecraft:oak_leaves":5,"minecraft:fern":10},"minecraft:killed":{"kimetsunoyaiba:demon_slayer":1,"minecraft:horse":2,"kimetsunoyaiba:doctor":1,"kimetsunoyaiba:demon_9":1,"kimetsunoyaiba:temple_demon":4,"kimetsunoyaiba:hand_demon":2,"kimetsunoyaiba:muscular_mouse":2,"kimetsunoyaiba:goldfishbig":2,"minecraft:chicken":5,"kimetsunoyaiba:demon_10":3,"kimetsunoyaiba:demon":19,"minecraft:pig":12,"kimetsunoyaiba:demon_2":10,"kimetsunoyaiba:demon_4":3,"kimetsunoyaiba:boar":3,"kimetsunoyaiba:kyogai":1,"minecraft:sheep":13,"kimetsunoyaiba:kasugai_crow":1,"kimetsunoyaiba:demon_3":3,"kimetsunoyaiba:rokuro":1,"minecraft:cow":7},"minecraft:dropped":{"minecraft:bread":32,"kimetsunoyaiba:clothes_rengoku_chestplate":1,"minecraft:cooked_beef":4,"minecraft:cooked_porkchop":11,"kimetsunoyaiba:dice_steak_head_1":5,"kimetsunoyaiba:dice_steak_head_2":4,"kimetsunoyaiba:dice_steak_leg":8,"minecraft:dirt":20,"kimetsunoyaiba:human_flesh_2":16,"kimetsunoyaiba:nichirinsword_tomioka":1,"kimetsunoyaiba:boar_flesh":1,"kimetsunoyaiba:dice_steak_head_4":5,"kimetsunoyaiba:dice_steak_body":11,"kimetsunoyaiba:nichirinsword_shinazugawa":1,"minecraft:white_wool":2,"kimetsunoyaiba:dice_steak_arm":17,"kimetsunoyaiba:nichirinsword_kaigaku":1,"kimetsunoyaiba:d_ice_steak_head_3":3,"minecraft:sweet_berries":60,"kimetsunoyaiba:nichirinsword_black":2,"minecraft:chicken":1,"kimetsunoyaiba:uniform_chestplate":5,"kimetsunoyaiba:uniform_boots":4,"kimetsunoyaiba:muzanblood":1,"minecraft:cooked_mutton":3,"kimetsunoyaiba:uniform_leggings":1,"kimetsunoyaiba:dice_steak_head_helmet":3,"minecraft:black_wool":1},"minecraft:killed_by":{"kimetsunoyaiba:enmu_train":1,"kimetsunoyaiba:countless_striking_trees":1,"minecraft:player":4,"kimetsunoyaiba:demon":2,"kimetsunoyaiba:doma":1,"kimetsunoyaiba:muichiro":1,"kimetsunoyaiba:shinazugawa":1,"kimetsunoyaiba:akaza":1,"kimetsunoyaiba:doma_mini":1,"kimetsunoyaiba:sabito":1,"kimetsunoyaiba:gyokko_goldfish":1,"kimetsunoyaiba:rokuro":1,"kimetsunoyaiba:susamaru":1},"minecraft:custom":{"minecraft:mob_kills":163,"minecraft:interact_with_crafting_table":10,"minecraft:interact_with_campfire":67,"minecraft:damage_dealt_resisted":1851,"minecraft:leave_game":10,"minecraft:time_since_death":488,"minecraft:climb_one_cm":1264,"minecraft:damage_resisted":12416,"minecraft:sprint_one_cm":3436838,"minecraft:walk_one_cm":961744,"minecraft:drop":116,"minecraft:deaths":40,"minecraft:sneak_time":6283,"minecraft:walk_under_water_one_cm":16281,"minecraft:jump":6778,"minecraft:walk_on_water_one_cm":49126,"minecraft:interact_with_furnace":7,"minecraft:play_one_minute":365744,"minecraft:sleep_in_bed":1,"minecraft:time_since_rest":515,"minecraft:open_enderchest":1,"minecraft:damage_taken":12888,"minecraft:damage_dealt":29484,"minecraft:swim_one_cm":77959,"minecraft:fly_one_cm":2391368,"minecraft:open_chest":25,"minecraft:crouch_one_cm":15506,"minecraft:interact_with_smoker":3,"minecraft:fall_one_cm":434628},"minecraft:crafted":{"minecraft:oak_planks":16,"minecraft:cooked_chicken":2,"minecraft:furnace":1,"minecraft:bone_meal":3,"minecraft:cooked_mutton":5,"kimetsunoyaiba:dice_steak_head_helmet":2,"minecraft:wheat":198,"minecraft:cooked_beef":9,"minecraft:cooked_porkchop":4,"minecraft:crafting_table":3,"minecraft:spruce_planks":8,"minecraft:wooden_pickaxe":1,"minecraft:bread":88,"minecraft:air":0,"minecraft:stick":4,"minecraft:torch":8},"minecraft:picked_up":{"minecraft:wooden_axe":1,"kimetsunoyaiba:blooddemonart_rui":1,"minecraft:charcoal":2,"minecraft:crafting_table":9,"minecraft:wheat":101,"minecraft:azure_bluet":1,"minecraft:chicken":14,"minecraft:brown_mushroom":2,"minecraft:diamond_sword":1,"minecraft:wooden_pickaxe":4,"minecraft:pink_wool":1,"minecraft:cornflower":1,"kimetsunoyaiba:nichirinswordmoon":1,"kimetsunoyaiba:dice_steak_head_2":7,"minecraft:armor_stand":224,"quark:cyan_candle":1,"minecraft:beetroot":3,"minecraft:spruce_planks":2,"minecraft:beef":33,"kimetsunoyaiba:nichirinsword_shinazugawa":3,"minecraft:poppy":1,"minecraft:light_gray_wool":1,"kimetsunoyaiba:dice_steak_head_4":8,"minecraft:furnace":2,"kimetsunoyaiba:clothes_rengoku_chestplate":1,"minecraft:egg":2,"kimetsunoyaiba:blooddemonart_enmu":1,"kimetsunoyaiba:nichirinsword_black":2,"minecraft:torch":2,"minecraft:porkchop":49,"minecraft:stone_button":1,"kimetsunoyaiba:d_ice_steak_head_3":6,"minecraft:beetroot_seeds":58,"kimetsunoyaiba:boar_flesh":17,"minecraft:hay_block":22,"kimetsunoyaiba:clothes_tomioka_chestplate":1,"kimetsunoyaiba:dice_steak_head_1":8,"kimetsunoyaiba:nichirinsword_tomioka":2,"minecraft:mutton":28,"kimetsunoyaiba:rifle":1,"minecraft:white_wool":16,"minecraft:cobblestone":8,"minecraft:oxeye_daisy":1,"kimetsunoyaiba:human_flesh_2":37,"minecraft:feather":20,"minecraft:cooked_beef":21,"kimetsunoyaiba:nichirinsword_kaigaku":2,"minecraft:leather":24,"kimetsunoyaiba:blooddemonart_kamanue":2,"minecraft:oak_log":4,"kimetsunoyaiba:dice_steak_leg":16,"kimetsunoyaiba:boar_head":1,"kimetsunoyaiba:dice_steak_arm":19,"kimetsunoyaiba:uniform_chestplate":7,"minecraft:dirt":41,"minecraft:lantern":256,"minecraft:cooked_mutton":19,"minecraft:bone":13,"minecraft:glass":128,"minecraft:wheat_seeds":297,"minecraft:cooked_chicken":7,"quark:tallow":75,"kimetsunoyaiba:muzanblood":13,"minecraft:cooked_porkchop":29,"minecraft:sweet_berries":165,"minecraft:gravel":2,"minecraft:sand":1,"minecraft:spruce_sapling":2,"kimetsunoyaiba:uniform_leggings":5,"kimetsunoyaiba:vase_item":2,"minecraft:spruce_log":2,"kimetsunoyaiba:dice_steak_head_helmet":1,"kimetsunoyaiba:drum_armor_chestplate":1,"kimetsunoyaiba:uniform_boots":9,"minecraft:stone_axe":1,"kimetsunoyaiba:drum":1,"minecraft:birch_sign":4,"minecraft:bread":1,"kimetsunoyaiba:clothes_kaigaku_chestplate":1,"kimetsunoyaiba:dice_steak_body":12,"kimetsunoyaiba:blooddemonart_nezuko":1,"minecraft:black_wool":1,"minecraft:coal":42}},"DataVersion":2586}