{"stats":{"minecraft:killed":{"minecraft:chicken":1},"minecraft:custom":{"minecraft:interact_with_furnace":1,"minecraft:mob_kills":3,"minecraft:play_one_minute":175416,"minecraft:damage_dealt_resisted":35,"minecraft:leave_game":2,"minecraft:time_since_death":8070,"minecraft:climb_one_cm":9889,"minecraft:damage_resisted":225,"minecraft:time_since_rest":8072,"minecraft:sprint_one_cm":720396,"minecraft:damage_taken":1229,"minecraft:walk_one_cm":418866,"minecraft:damage_dealt":549,"minecraft:fly_one_cm":1467275,"minecraft:open_chest":18,"minecraft:crouch_one_cm":764,"minecraft:deaths":6,"minecraft:sneak_time":3137,"minecraft:walk_under_water_one_cm":599,"minecraft:jump":822,"minecraft:walk_on_water_one_cm":121,"minecraft:fall_one_cm":7922},"minecraft:used":{"minecraft:dark_oak_stairs":8,"quark:red_candle":12,"minecraft:spruce_door":1,"quark:light_gray_candle":1,"minecraft:snow_block":530,"kimetsunoyaiba:fusuma_7":3,"minecraft:birch_leaves":5,"minecraft:spruce_slab":1,"minecraft:redstone":10,"minecraft:polished_andesite":1,"minecraft:dark_oak_sign":15,"minecraft:oak_planks":14,"minecraft:oak_sign":9,"minecraft:spruce_planks":33,"minecraft:chest":8,"minecraft:white_terracotta":3,"minecraft:stone":278,"minecraft:red_glazed_terracotta":3,"minecraft:grass":47,"minecraft:netherrack":3,"minecraft:spruce_leaves":115,"minecraft:torch":17,"minecraft:polished_blackstone_pressure_plate":3,"minecraft:dirt":111,"minecraft:vine":61,"kimetsunoyaiba:kimetsu_window":3,"quark:light_blue_stool":22,"minecraft:oak_slab":2,"minecraft:crafting_table":1,"minecraft:red_bed":1,"minecraft:jungle_planks":2,"minecraft:cobblestone_wall":6,"minecraft:crimson_hyphae":2,"minecraft:cyan_wool":8,"minecraft:spruce_log":1,"kimetsunoyaiba:lantern":13,"kimetsunoyaiba:fusuma_flower":4,"minecraft:redstone_torch":17,"minecraft:andesite_wall":5,"quark:cyan_candle":8,"minecraft:dark_oak_planks":5,"minecraft:brown_terracotta":1,"minecraft:crimson_button":6,"minecraft:lever":4,"minecraft:acacia_sign":1,"minecraft:red_wool":6,"minecraft:dark_oak_log":10,"minecraft:command_block":45,"minecraft:birch_slab":3,"minecraft:lantern":8,"minecraft:grass_block":329,"minecraft:string":1,"minecraft:acacia_slab":101,"minecraft:stone_button":85,"minecraft:spruce_pressure_plate":10,"minecraft:stone_slab":1,"minecraft:smooth_quartz":5,"minecraft:dark_oak_slab":2,"minecraft:spruce_trapdoor":2,"minecraft:oak_pressure_plate":2,"minecraft:gravel":25,"minecraft:lilac":1,"minecraft:crimson_sign":1,"minecraft:bedrock":1,"minecraft:chiseled_stone_bricks":1,"minecraft:tripwire_hook":2,"minecraft:nether_wart_block":2,"minecraft:diamond_sword":3,"minecraft:snow":53,"minecraft:furnace":1,"quark:spruce_ladder":9,"minecraft:dark_oak_fence":2,"kimetsunoyaiba:fusuma_mesh":24,"minecraft:chain":10,"minecraft:grass_path":257,"minecraft:smooth_stone_slab":2,"minecraft:stone_pressure_plate":19,"minecraft:cooked_beef":9,"minecraft:white_concrete":89,"minecraft:coarse_dirt":145,"minecraft:purple_wool":2,"kimetsunoyaiba:nichirinsword_flame":5,"minecraft:cobweb":69},"minecraft:killed_by":{"kimetsunoyaiba:sabito":1,"kimetsunoyaiba:shadow_wolf":1,"kimetsunoyaiba:kamanue":1},"minecraft:picked_up":{"kimetsunoyaiba:blooddemonart_rui":1,"minecraft:chicken":2,"minecraft:lantern":1,"minecraft:wheat_seeds":1,"kimetsunoyaiba:muzanblood":1,"minecraft:dandelion":1,"minecraft:stone_button":4,"minecraft:redstone":1,"minecraft:spruce_door":1,"minecraft:stone_pressure_plate":1,"kimetsunoyaiba:drum":1,"minecraft:lever":1}},"DataVersion":2586}