{"stats":{"minecraft:killed_by":{"kimetsunoyaiba:himejima":1,"minecraft:player":1},"minecraft:custom":{"minecraft:interact_with_crafting_table":6,"minecraft:open_barrel":1,"minecraft:leave_game":20,"minecraft:time_since_death":204655,"minecraft:damage_resisted":156682,"minecraft:sprint_one_cm":3088736,"minecraft:drop":91,"minecraft:deaths":34,"minecraft:jump":4570,"minecraft:walk_on_water_one_cm":410857,"minecraft:play_one_minute":1678072,"minecraft:damage_dealt":193475,"minecraft:interact_with_beacon":5,"minecraft:player_kills":5,"minecraft:crouch_one_cm":28247,"minecraft:mob_kills":219,"minecraft:interact_with_anvil":4,"minecraft:damage_dealt_resisted":132672,"minecraft:climb_one_cm":7354,"minecraft:walk_one_cm":3172124,"minecraft:sneak_time":34411,"minecraft:walk_under_water_one_cm":226154,"minecraft:interact_with_blast_furnace":1,"minecraft:time_since_rest":204684,"minecraft:damage_taken":24590,"minecraft:swim_one_cm":12674,"minecraft:fly_one_cm":10029919,"minecraft:open_chest":66,"minecraft:fall_one_cm":311913},"minecraft:killed":{"kimetsunoyaiba:himejima":1,"kimetsunoyaiba:enmu_tentacle":1,"kimetsunoyaiba:shinazugawa":1,"kimetsunoyaiba:car":4,"kimetsunoyaiba:doma":2,"kimetsunoyaiba:gyokko_2":1,"kimetsunoyaiba:nakime":1,"kimetsunoyaiba:doma_mini":1,"minecraft:tropical_fish":2,"kimetsunoyaiba:inosuke":1,"minecraft:wolf":1,"kimetsunoyaiba:enmu":1,"minecraft:pig":2,"kimetsunoyaiba:demon_2":2,"kimetsunoyaiba:haganeduka":1,"kimetsunoyaiba:countless_striking_trees":1,"kimetsunoyaiba:kokushibo":9,"kimetsunoyaiba:tamayo":1,"kimetsunoyaiba:sabito":1,"kimetsunoyaiba:demon_slayer":9,"kimetsunoyaiba:muzan_2":1,"kimetsunoyaiba:demon_9":1,"kimetsunoyaiba:toyosan":1,"kimetsunoyaiba:muichiro":1,"kimetsunoyaiba:goldfishbig":3,"kimetsunoyaiba:demon_5":1,"kimetsunoyaiba:rui_sister":2,"kimetsunoyaiba:demon":103,"kimetsunoyaiba:yoriichi":40,"kimetsunoyaiba:tanjiro":1},"minecraft:used":{"minecraft:iron_shovel":582,"minecraft:light_gray_stained_glass_pane":7,"minecraft:smooth_quartz_slab":1,"minecraft:spruce_slab":3,"minecraft:ladder":9,"minecraft:oak_sign":5,"minecraft:chest":20,"minecraft:stone":318,"quark:feeding_trough":9,"quark:iron_ladder":6,"minecraft:warped_sign":5,"kimetsunoyaiba:cushion_blue":3,"quark:carrot_crate":8,"minecraft:spruce_leaves":72,"minecraft:birch_pressure_plate":11,"quark:gunpowder_sack":10,"minecraft:acacia_button":2,"minecraft:beehive":188,"minecraft:weeping_vines":30,"minecraft:stripped_spruce_log":37,"quark:limestone":72,"kimetsunoyaiba:car_spawn_egg":4,"minecraft:crimson_button":6,"quark:cyan_candle":18,"kimetsunoyaiba:lantern_2red":21,"kimetsunoyaiba:demon_spawn_egg":161,"minecraft:netherite_shovel":377,"kimetsunoyaiba:nichirinsword_tomioka":1,"minecraft:quartz_slab":8,"minecraft:red_wool":2,"minecraft:lantern":2,"minecraft:grass_block":800,"minecraft:blue_orchid":1,"minecraft:dark_oak_wood":23,"minecraft:dark_oak_slab":17,"minecraft:crimson_roots":4,"minecraft:dark_oak_button":9,"minecraft:stone_brick_stairs":9,"minecraft:stone_bricks":57,"minecraft:bedrock":1,"minecraft:birch_button":9,"minecraft:repeater":10,"minecraft:redstone_lamp":54,"kimetsunoyaiba:lantern_3":3,"minecraft:snow":70,"kimetsunoyaiba:cushion_red":6,"minecraft:jungle_button":3,"minecraft:furnace":3,"minecraft:gold_block":10,"minecraft:fire_coral_fan":1,"quark:black_candle":6,"kimetsunoyaiba:handfan":52,"minecraft:dark_prismarine_stairs":11,"minecraft:stripped_spruce_wood":133,"minecraft:dark_oak_stairs":33,"minecraft:mossy_stone_bricks":2,"minecraft:dark_oak_sign":58,"minecraft:oak_planks":3740,"quark:gray_candle":22,"minecraft:redstone_block":4,"minecraft:composter":2,"kimetsunoyaiba:human_flesh_2":39,"minecraft:brain_coral":1,"quark:golden_apple_crate":4,"minecraft:blast_furnace":3,"quark:vertical_oak_planks":1,"minecraft:black_bed":2,"minecraft:shears":97,"minecraft:redstone_torch":62,"minecraft:lever":22,"minecraft:black_concrete":1,"minecraft:dark_oak_log":165,"minecraft:birch_slab":261,"minecraft:string":6,"minecraft:barrier":171,"minecraft:stone_button":287,"minecraft:cyan_carpet":2,"quark:potato_crate":6,"minecraft:red_terracotta":1,"minecraft:oak_pressure_plate":4,"minecraft:gravel":6,"minecraft:lilac":2,"minecraft:soul_lantern":8,"minecraft:jungle_sign":2,"minecraft:coal_block":22,"quark:apple_crate":3,"quark:berry_sack":5,"minecraft:stripped_oak_wood":570,"minecraft:dark_oak_fence":26,"minecraft:smithing_table":1,"quark:cocoa_beans_sack":6,"kimetsunoyaiba:tanjiro_spawn_egg":2,"kimetsunoyaiba:fusuma_mesh":190,"minecraft:chain":18,"minecraft:ice":4,"minecraft:pink_stained_glass":16,"minecraft:smooth_stone_slab":58,"minecraft:coarse_dirt":2,"minecraft:warped_button":7,"quark:purpur_chest":4,"minecraft:bone_meal":328,"minecraft:cobweb":92,"kimetsunoyaiba:nichirinsword_uzui":6,"minecraft:oak_fence":51,"kimetsunoyaiba:yoriichi_spawn_egg":42,"minecraft:oak_trapdoor":22,"kimetsunoyaiba:cherry_blossoms":7,"quark:permafrost_wall":1,"minecraft:petrified_oak_slab":4,"quark:light_gray_candle":2,"minecraft:brain_coral_fan":5,"minecraft:red_concrete":4,"minecraft:redstone":281,"quark:dark_oak_bookshelf":19,"minecraft:spruce_planks":971,"minecraft:stripped_birch_wood":277,"kimetsunoyaiba:fusuma_5":5,"minecraft:structure_block":172,"minecraft:oak_door":2,"quark:brown_stool":14,"minecraft:torch":21,"minecraft:anvil":5,"minecraft:dirt":55,"kimetsunoyaiba:cooker":3,"minecraft:white_carpet":32,"minecraft:spruce_stairs":23,"minecraft:crimson_hyphae":3,"minecraft:stone_stairs":14,"minecraft:nether_brick_slab":1,"minecraft:oak_wood":34,"minecraft:spruce_fence":27,"kimetsunoyaiba:fusuma_window":642,"kimetsunoyaiba:lantern":909,"minecraft:birch_door":3,"minecraft:brown_terracotta":29,"minecraft:dark_oak_planks":436,"minecraft:sea_lantern":1,"quark:spruce_chest":6,"kimetsunoyaiba:masachika_spawn_egg":6,"minecraft:oak_stairs":55,"minecraft:spruce_button":12,"quark:polished_slate_vertical_slab":1,"minecraft:smooth_quartz":268,"minecraft:barrel":6,"minecraft:bamboo":31,"kimetsunoyaiba:muzanblood":786,"minecraft:tripwire_hook":1,"kimetsunoyaiba:bamboo_fence":47,"minecraft:glowstone":13,"minecraft:magenta_wool":1,"kimetsunoyaiba:rui_string":4,"quark:beetroot_crate":4,"minecraft:stone_pressure_plate":31,"minecraft:cooked_beef":20,"minecraft:brown_bed":2,"minecraft:water_bucket":12,"quark:red_candle":4,"minecraft:snow_block":187,"minecraft:birch_planks":258,"minecraft:polished_andesite":3,"minecraft:spruce_sign":4,"quark:red_blossom_hedge":1,"minecraft:fletching_table":1,"kimetsunoyaiba:tatami_2":128,"minecraft:beacon":53,"kimetsunoyaiba:sword_kokushibo_1":1,"minecraft:stonecutter":3,"minecraft:red_glazed_terracotta":45,"kimetsunoyaiba:lantern_2":63,"quark:yellow_crystal_cluster":6,"minecraft:polished_blackstone_pressure_plate":5,"minecraft:vine":145,"minecraft:oak_slab":160,"minecraft:tnt":27,"minecraft:crafting_table":4,"quark:acacia_chest":2,"quark:red_stool":14,"minecraft:birch_sign":13,"minecraft:campfire":1,"minecraft:fire_coral":1,"kimetsunoyaiba:blooddemonart_akaza":8,"quark:pink_blossom_leaf_carpet":88,"minecraft:painting":14,"minecraft:magenta_carpet":3,"quark:paper_wall_sakura":35,"minecraft:smoker":1,"minecraft:spruce_log":658,"minecraft:dark_oak_door":13,"quark:glass_item_frame":7,"kimetsunoyaiba:kokushibo_spawn_egg":1,"kimetsunoyaiba:fusuma_flower":14,"minecraft:oak_log":64,"kimetsunoyaiba:futon":4,"minecraft:flower_pot":1,"minecraft:activator_rail":2,"minecraft:black_wool":217,"quark:purple_candle":4,"minecraft:acacia_sign":2,"minecraft:command_block":162,"minecraft:oak_button":6,"minecraft:spruce_pressure_plate":8,"minecraft:stone_slab":20,"quark:nether_wart_sack":5,"minecraft:spruce_sapling":124,"quark:light_gray_framed_glass_pane":11,"minecraft:crimson_sign":7,"kimetsunoyaiba:nichirinsword_yoriichi":128,"minecraft:crimson_fungus":2,"minecraft:jungle_door":2,"minecraft:grass_path":10,"minecraft:glass_pane":94,"quark:nether_brick_chest":2,"minecraft:polished_blackstone_button":12,"minecraft:stripped_oak_log":1,"minecraft:kelp":29,"kimetsunoyaiba:tatami":6,"minecraft:purple_carpet":5,"quark:brown_candle":9,"minecraft:birch_stairs":431},"minecraft:dropped":{"minecraft:porkchop":1,"kimetsunoyaiba:muzan_hat_helmet":1,"kimetsunoyaiba:nichirinsword_rengoku":1,"kimetsunoyaiba:blooddemonart_akaza":2,"minecraft:bone_meal":128,"minecraft:dark_oak_planks":1,"minecraft:white_wool":1,"kimetsunoyaiba:nichirinsword_kaigaku":2,"quark:tallow":3,"kimetsunoyaiba:cushion_red":1,"kimetsunoyaiba:uniform_boots":3,"minecraft:lime_dye":1,"kimetsunoyaiba:uniform_iguro_chestplate":2,"minecraft:beehive":1,"kimetsunoyaiba:nichirinsword_yoriichi":1,"kimetsunoyaiba:clothes_hand_demon_chestplate":2,"kimetsunoyaiba:rengoku_head_1":2,"kimetsunoyaiba:rengoku_head_2":1,"kimetsunoyaiba:uniform_rengoku_boots":1,"kimetsunoyaiba:dice_steak_head_1":1,"kimetsunoyaiba:dice_steak_head_2":1,"kimetsunoyaiba:uniform_rengoku_chestplate":1,"minecraft:command_block":1,"minecraft:tropical_fish":4,"kimetsunoyaiba:kaburamaru_helmet":1,"kimetsunoyaiba:dice_steak_leg":8,"minecraft:stick":1,"kimetsunoyaiba:human_flesh_2":3,"kimetsunoyaiba:dice_steak_head_4":1,"kimetsunoyaiba:blooddemonart_kamanue":1,"minecraft:spruce_sapling":2,"kimetsunoyaiba:d_ice_steak_head_3":1,"minecraft:kelp":12,"kimetsunoyaiba:uniform_chestplate":1,"kimetsunoyaiba:clothes_kaigaku_chestplate":1,"kimetsunoyaiba:muzanblood":26,"kimetsunoyaiba:uniform_leggings":4,"kimetsunoyaiba:lantern":1,"minecraft:stone":1,"kimetsunoyaiba:chigama":1,"minecraft:stone_pressure_plate":1,"minecraft:birch_sign":1,"kimetsunoyaiba:nichirinsword_water":1,"kimetsunoyaiba:handfan":1,"kimetsunoyaiba:nichirinsword_inosuke":1},"minecraft:mined":{"minecraft:grass_block":1,"minecraft:oxeye_daisy":2,"minecraft:azure_bluet":1,"minecraft:poppy":2,"minecraft:grass":80,"minecraft:stone_button":2,"minecraft:crimson_roots":1,"minecraft:spruce_leaves":42,"minecraft:large_fern":6,"minecraft:dandelion":2,"minecraft:cornflower":1,"minecraft:tall_grass":20,"minecraft:lily_pad":1,"minecraft:fern":8},"minecraft:picked_up":{"kimetsunoyaiba:muzan_hat_helmet":1,"minecraft:iron_trapdoor":9,"minecraft:flower_pot":1,"kimetsunoyaiba:hair_tsugikuni":4,"kimetsunoyaiba:clothes_tanjiro_chestplate":1,"kimetsunoyaiba:nichirinsword_inosuke":1,"minecraft:smooth_stone_slab":8,"kimetsunoyaiba:dice_steak_head_2":1,"kimetsunoyaiba:blooddemonart_demon_king":1,"minecraft:spruce_planks":38,"minecraft:redstone_torch":5,"kimetsunoyaiba:blooddemonart_gyokko":2,"minecraft:smooth_quartz":27,"kimetsunoyaiba:clothes_doma_chestplate":3,"kimetsunoyaiba:dice_steak_head_4":1,"minecraft:dark_oak_door":2,"minecraft:spruce_pressure_plate":1,"minecraft:stick":14,"minecraft:beehive":3,"kimetsunoyaiba:clothes_doma_leggings":3,"minecraft:brown_terracotta":16,"minecraft:torch":1,"kimetsunoyaiba:handfan":9,"minecraft:porkchop":1,"minecraft:command_block":8,"minecraft:tropical_fish":8,"kimetsunoyaiba:dice_steak_head_1":1,"minecraft:cod":2,"minecraft:cobblestone":11,"kimetsunoyaiba:human_flesh_2":29,"minecraft:lilac":2,"minecraft:barrier":4,"minecraft:feather":1,"minecraft:repeater":3,"minecraft:andesite":1,"kimetsunoyaiba:nichirinsword_kaigaku":1,"kimetsunoyaiba:blooddemonart_kamanue":2,"kimetsunoyaiba:clothes_hand_demon_chestplate":2,"minecraft:dirt":324,"minecraft:lantern":5,"kimetsunoyaiba:mask_tengu_helmet":1,"minecraft:wheat_seeds":5,"kimetsunoyaiba:zohakuten_clothes_chestplate":1,"minecraft:dark_oak_sign":1,"kimetsunoyaiba:muzanblood":81,"kimetsunoyaiba:uniform_leggings":1,"minecraft:grass_block":5,"minecraft:polished_blackstone_pressure_plate":1,"minecraft:lever":1,"minecraft:bone_meal":64,"minecraft:grass":100,"minecraft:spruce_button":2,"kimetsunoyaiba:nichirinsword_mist":1,"kimetsunoyaiba:nichirinsword":5,"kimetsunoyaiba:doma_hat":2,"minecraft:crimson_roots":1,"kimetsunoyaiba:clothes_yorichi_chestplate":8,"minecraft:spruce_leaves":19,"kimetsunoyaiba:blooddemonart_rui":1,"kimetsunoyaiba:blooddemonart_zohakuten":1,"minecraft:azure_bluet":1,"minecraft:chicken":1,"kimetsunoyaiba:nichirinsword_yoriichi":5,"minecraft:cornflower":2,"minecraft:iron_shovel":1,"kimetsunoyaiba:farewell_note":1,"minecraft:dark_prismarine_stairs":11,"kimetsunoyaiba:nichirinsword_rengoku":1,"kimetsunoyaiba:chigama":2,"minecraft:player_head":10,"minecraft:poppy":2,"minecraft:egg":2,"kimetsunoyaiba:blooddemonart_enmu":5,"kimetsunoyaiba:clothes_kokushibo_chestplate":10,"minecraft:stone":5,"minecraft:oak_door":1,"quark:pink_blossom_leaf_carpet":1,"minecraft:stone_button":11,"minecraft:redstone":12,"minecraft:stone_pressure_plate":134,"minecraft:dark_oak_planks":1,"kimetsunoyaiba:d_ice_steak_head_3":1,"minecraft:mutton":3,"minecraft:white_wool":3,"kimetsunoyaiba:clothes_yorichi_leggings":10,"minecraft:oxeye_daisy":2,"kimetsunoyaiba:kokushibo_head_2_helmet":3,"minecraft:leather":1,"minecraft:fern":15,"kimetsunoyaiba:dice_steak_leg":8,"minecraft:lily_pad":3,"kimetsunoyaiba:blooddemonart_akaza":9,"kimetsunoyaiba:uniform_chestplate":2,"kimetsunoyaiba:sword_kokushibo_1":10,"kimetsunoyaiba:uniform_uzui_boots":2,"minecraft:birch_pressure_plate":2,"kimetsunoyaiba:whistle":65,"minecraft:kelp":31,"quark:tallow":9,"kimetsunoyaiba:rengoku_head_1":1,"kimetsunoyaiba:cushion_red":1,"minecraft:scaffolding":5,"kimetsunoyaiba:lantern":1,"minecraft:dandelion":3,"minecraft:grass_path":1,"minecraft:spruce_sapling":13,"minecraft:lime_dye":1,"minecraft:slime_ball":2,"kimetsunoyaiba:uniform_boots":3,"minecraft:birch_sign":1,"minecraft:dark_oak_wood":7}},"DataVersion":2586}